,Australia,Belgium,Canada,Switzerland,Germany,Denmark,Spain,Finland,France,UK,Ireland,Italy,Japan,S. Korea,Luxembourg,Netherlands,Norway,New Zealand,Sweden,US,S. Africa,Croatia,Israel,
1975:Q1,39.16,44.51,59.42,93.83,108.59,57.37,90.01,54.20,43.20,31.71,23.28,79.81,101.93,97.60,23.89,36.99,56.89,55.79,77.41,53.66,89.96,73.17,60.17,
1975:Q2,38.50,45.66,59.20,91.83,108.46,57.61,97.11,53.63,43.65,30.66,23.77,76.63,100.46,97.12,25.49,38.41,56.00,52.99,77.73,54.12,87.95,75.85,59.98,
1975:Q3,38.61,47.01,59.89,90.41,109.07,59.07,95.55,53.49,44.27,30.03,24.08,73.49,98.81,98.74,26.92,39.66,55.71,51.83,78.18,53.25,86.28,77.99,59.91,
1975:Q4,37.76,48.67,59.54,88.91,109.30,58.07,98.86,56.17,45.12,29.06,24.25,70.71,96.88,99.42,28.23,41.80,56.38,50.88,78.84,53.38,86.42,80.53,58.90,
1976:Q1,37.95,50.60,59.20,86.83,109.90,58.44,96.98,52.07,45.76,28.86,24.27,67.31,94.75,102.07,29.39,43.07,55.26,49.32,79.62,53.21,86.21,83.21,55.91,
1976:Q2,38.12,52.26,59.85,85.89,110.60,57.28,103.97,51.46,46.34,28.71,24.33,63.89,92.73,104.51,30.54,47.27,56.56,48.03,80.49,54.93,84.55,85.37,54.58,
1976:Q3,38.36,53.74,58.89,84.98,111.24,57.34,102.79,50.63,46.82,28.32,24.42,61.22,91.80,105.53,31.64,50.38,56.73,47.10,81.42,54.99,82.59,87.86,50.88,
1976:Q4,37.90,55.20,57.63,85.19,112.64,58.64,97.81,49.95,47.43,27.50,24.51,59.03,90.86,109.36,32.72,51.80,57.80,46.49,82.40,54.78,80.41,90.67,50.43,
1977:Q1,37.94,56.32,55.91,84.54,113.76,57.49,93.57,48.94,48.62,26.78,24.27,57.61,89.89,109.19,34.00,57.17,57.66,45.66,84.43,55.54,78.35,94.59,48.58,
1977:Q2,37.73,57.98,55.30,85.10,115.29,59.28,84.80,48.04,48.77,26.16,24.61,56.81,89.52,112.34,34.91,64.14,57.26,44.46,84.85,57.09,76.74,96.70,49.01,
1977:Q3,37.75,59.73,54.59,85.71,116.85,60.47,93.85,46.63,49.13,26.18,25.17,56.09,89.43,114.91,35.71,65.47,57.36,43.23,85.13,57.54,74.88,98.49,46.86,
1977:Q4,37.42,61.40,56.12,85.65,118.75,62.72,89.38,45.99,49.85,26.71,26.00,55.82,89.93,119.82,36.40,64.75,57.45,41.67,85.48,58.98,74.12,99.97,45.37,
1978:Q1,37.75,62.63,55.83,87.21,121.49,63.83,93.55,46.00,50.27,26.85,27.00,55.90,89.69,115.67,36.66,65.29,56.48,40.82,84.79,59.74,73.81,100.59,44.13,
1978:Q2,37.44,63.81,56.05,88.01,122.94,64.63,98.21,45.74,50.39,27.30,27.95,56.10,89.84,118.89,37.25,69.07,54.76,39.94,85.40,60.84,72.61,100.66,47.22,
1978:Q3,37.55,64.90,56.14,88.94,124.55,65.13,95.83,45.19,50.33,28.40,28.76,56.71,90.07,121.83,37.81,64.56,55.81,39.60,86.15,61.56,70.64,100.91,47.30,
1978:Q4,36.98,65.83,55.28,89.68,126.14,64.61,90.13,44.81,50.81,29.55,29.47,56.07,91.39,132.26,38.32,62.97,55.81,38.92,86.80,62.10,71.85,100.48,50.42,
1979:Q1,37.11,67.26,55.42,90.62,126.79,64.62,86.08,44.71,50.87,30.68,30.85,53.77,92.77,137.15,38.74,60.75,55.58,38.46,89.20,63.68,71.57,101.06,53.46,
1979:Q2,36.94,67.84,56.19,91.13,126.28,65.48,87.91,44.57,51.20,32.06,31.15,53.46,93.99,138.37,39.04,60.94,55.11,37.44,88.44,63.96,71.45,100.23,59.51,
1979:Q3,38.73,67.98,57.45,92.41,125.73,65.18,83.54,44.63,51.36,31.92,31.21,54.43,95.45,143.81,39.25,59.28,54.81,36.12,87.09,63.74,70.81,98.93,63.31,
1979:Q4,40.29,67.48,58.78,93.78,125.59,63.90,80.74,44.93,52.40,32.88,31.01,55.05,96.70,146.94,39.39,56.01,54.84,35.26,85.40,63.51,72.03,96.75,63.82,
1980:Q1,41.57,67.07,60.13,95.43,123.74,61.29,79.52,45.47,54.09,33.31,29.70,55.02,97.64,141.10,39.79,53.89,55.00,34.47,83.07,62.78,71.16,93.74,60.39,
1980:Q2,42.70,64.86,61.72,96.11,123.27,57.46,78.50,45.98,54.55,33.14,29.41,57.15,98.62,141.34,39.79,52.71,55.57,33.96,81.14,62.17,73.56,91.01,58.84,
1980:Q3,43.01,62.56,63.01,97.08,124.08,57.10,84.97,46.09,54.66,33.35,29.22,56.99,100.55,139.91,39.66,49.11,55.23,33.92,79.36,62.48,78.60,88.98,55.49,
1980:Q4,42.59,60.33,65.70,97.44,124.98,55.86,87.16,45.76,54.81,32.25,29.11,61.20,102.55,138.54,39.39,47.76,55.39,33.94,77.57,61.21,81.23,87.55,55.44,
1981:Q1,44.97,58.21,71.76,98.74,125.96,53.91,82.24,46.88,54.49,31.95,29.95,68.49,104.09,144.83,39.18,46.58,54.99,34.39,75.05,59.98,85.62,84.09,56.54,
1981:Q2,45.42,56.43,76.81,100.40,126.26,49.86,82.75,46.77,53.95,31.69,29.82,71.27,106.25,143.55,38.51,44.58,54.46,35.69,72.85,60.13,89.98,83.11,60.00,
1981:Q3,43.80,54.74,82.90,100.55,126.06,46.95,84.50,47.69,52.82,31.12,29.61,71.03,108.31,141.97,37.61,42.40,53.29,37.14,70.85,60.14,93.26,82.28,62.51,
1981:Q4,44.56,53.15,78.33,100.77,125.92,46.76,83.95,48.36,52.20,29.72,29.26,71.07,109.96,142.01,36.52,38.54,53.40,39.04,69.28,59.25,95.22,81.91,64.40,
1982:Q1,43.26,51.69,75.24,101.23,125.96,45.16,73.43,50.09,51.26,28.77,28.33,70.77,111.30,136.29,34.58,36.62,53.56,40.94,68.31,59.49,96.69,85.29,66.68,
1982:Q2,43.25,50.47,71.67,99.71,125.57,44.14,63.52,50.87,50.40,29.28,27.91,70.68,112.87,136.30,33.52,36.52,53.35,42.30,66.60,59.37,95.38,84.99,66.09,
1982:Q3,41.37,49.50,66.99,98.52,124.44,42.44,59.79,51.63,50.12,29.36,27.60,69.44,113.65,139.26,32.62,37.15,52.69,42.01,65.23,57.88,95.28,84.43,64.90,
1982:Q4,40.31,48.51,61.51,98.25,123.35,42.95,52.19,53.34,49.87,29.33,27.43,67.48,114.60,143.79,31.89,35.34,52.16,41.55,63.43,58.04,93.59,82.88,64.29,
1983:Q1,40.37,47.34,61.24,99.20,122.94,46.05,54.45,55.71,49.40,30.18,27.48,64.70,115.56,157.53,31.33,35.15,53.08,41.35,61.45,58.57,96.69,80.63,63.52,
1983:Q2,41.00,46.41,61.27,99.82,122.15,50.66,50.96,57.04,48.59,30.64,27.40,63.41,116.41,162.97,30.92,36.78,52.86,42.23,59.97,58.60,100.08,78.43,65.66,
1983:Q3,40.48,45.59,61.24,101.05,120.14,50.68,46.71,58.35,47.93,31.24,27.26,62.91,117.13,169.18,30.64,37.02,51.92,43.26,58.57,58.29,102.12,75.99,64.20,
1983:Q4,40.80,44.93,60.37,101.55,118.86,51.46,43.06,59.47,47.58,31.28,27.08,61.54,117.59,170.24,30.47,35.11,51.23,44.34,57.71,58.30,105.17,73.15,64.29,
1984:Q1,41.98,44.57,58.90,102.30,117.13,53.34,45.52,60.20,47.25,31.53,26.94,60.71,118.05,164.87,30.56,34.70,52.45,45.16,58.06,58.56,105.95,67.55,66.42,
1984:Q2,42.59,44.04,59.90,102.94,115.51,53.12,46.19,60.64,46.80,31.76,26.73,60.27,118.51,164.19,30.49,35.03,54.80,45.47,57.78,58.70,102.50,65.58,70.24,
1984:Q3,43.97,43.48,59.21,103.18,114.66,53.17,50.55,60.64,46.28,32.21,26.51,59.95,118.95,164.07,30.45,35.71,57.33,45.13,57.66,58.76,97.11,64.53,68.25,
1984:Q4,43.09,42.98,57.28,103.29,113.29,55.18,49.80,60.26,46.04,32.51,26.29,59.27,119.33,162.24,30.45,34.65,60.04,44.52,57.07,58.95,91.78,64.18,67.95,
1985:Q1,44.84,41.96,56.47,104.18,111.33,56.80,50.33,60.85,45.71,32.90,25.84,57.73,119.20,161.83,30.22,33.20,61.64,43.75,55.93,59.08,84.32,66.35,62.76,
1985:Q2,44.06,42.00,57.18,104.50,110.52,58.48,49.60,60.92,45.24,33.36,25.65,56.79,119.63,160.19,30.49,34.71,61.53,43.77,55.92,59.42,79.25,66.42,67.32,
1985:Q3,44.11,42.31,57.40,105.42,110.61,62.55,48.32,61.05,45.09,33.11,25.48,56.63,119.80,157.15,30.97,34.57,64.46,43.97,55.87,59.85,75.79,66.43,70.37,
1985:Q4,44.50,42.68,58.33,106.07,110.26,64.31,51.54,61.84,45.37,34.22,25.34,56.31,120.22,154.74,31.66,34.45,68.90,43.98,56.19,60.18,72.74,66.25,69.33,
1986:Q1,44.29,43.21,58.46,108.26,110.77,68.15,50.37,62.50,45.82,35.08,25.48,56.32,120.27,151.24,32.99,34.33,76.21,43.66,55.75,60.90,66.91,63.46,61.67,
1986:Q2,45.19,43.63,60.45,108.63,111.97,67.69,40.79,61.94,46.06,36.06,25.33,56.56,121.24,149.69,33.84,35.62,78.23,43.07,55.52,62.18,63.71,63.55,60.52,
1986:Q3,44.36,44.10,61.83,110.12,111.66,65.77,37.34,62.29,46.30,36.78,25.17,57.07,122.09,147.18,34.64,37.09,79.81,42.73,56.43,62.78,61.09,64.49,58.21,
1986:Q4,43.79,44.52,63.48,111.59,111.36,66.39,35.74,63.35,46.73,37.71,25.00,57.01,123.57,147.41,35.35,36.10,79.91,42.22,57.76,63.46,60.25,66.23,59.89,
1987:Q1,43.59,44.74,65.42,113.46,111.14,61.14,36.36,63.82,47.20,38.77,24.24,56.10,125.23,143.42,35.35,36.31,76.76,42.93,59.03,64.11,59.35,71.31,58.06,
1987:Q2,43.24,45.13,69.40,115.78,110.63,59.76,38.21,64.08,47.65,39.91,24.17,56.21,127.48,142.47,36.09,37.66,81.33,43.71,59.94,64.43,59.95,73.57,58.11,
1987:Q3,43.39,45.59,71.89,117.77,110.20,58.92,39.73,65.64,48.21,40.85,24.22,56.90,132.43,142.62,36.97,38.22,78.83,45.03,60.28,64.53,59.70,75.55,58.15,
1987:Q4,44.68,46.13,72.39,119.86,110.35,58.05,41.74,67.67,49.28,43.18,24.39,57.61,135.09,148.30,38.01,37.68,77.89,46.40,62.14,64.46,60.55,77.29,57.78,
1988:Q1,45.94,47.27,71.90,124.20,111.32,58.36,44.25,68.90,50.57,44.82,25.08,59.03,135.94,151.65,39.30,37.75,78.52,46.56,64.19,64.97,60.20,81.02,56.58,
1988:Q2,47.49,47.91,74.42,128.50,111.33,57.12,46.11,72.82,51.41,46.61,25.35,59.36,137.29,158.33,40.65,39.46,76.50,47.53,65.77,65.47,59.69,81.47,55.63,
1988:Q3,51.33,48.52,77.17,133.32,110.78,57.72,47.17,76.26,52.15,51.57,25.60,56.86,138.02,162.15,42.12,40.18,76.75,47.33,68.35,65.32,59.77,80.16,56.08,
1988:Q4,55.61,49.25,78.42,138.97,111.72,57.66,48.61,82.29,53.33,54.53,25.82,60.06,139.24,159.23,43.69,39.67,76.09,47.18,69.85,65.36,59.30,78.80,59.66,
1989:Q1,59.37,50.28,81.19,142.29,110.82,56.25,51.45,85.37,54.87,55.79,25.72,69.36,141.41,164.16,45.90,39.61,73.90,47.99,72.40,65.38,59.54,73.17,58.31,
1989:Q2,59.07,51.44,86.46,143.82,110.66,55.26,53.24,89.33,55.52,56.46,26.09,73.12,142.48,173.34,47.41,41.26,69.59,47.48,74.31,65.35,59.67,72.04,61.35,
1989:Q3,58.36,52.64,84.85,144.77,111.31,53.96,54.84,90.55,56.23,56.68,26.63,72.37,145.05,171.97,48.78,42.30,66.91,47.52,76.00,66.33,59.64,71.39,63.68,
1989:Q4,57.62,53.83,85.01,143.59,111.15,53.20,55.44,89.65,57.27,55.00,27.31,75.44,148.63,169.57,50.07,41.65,65.41,47.58,76.22,66.45,58.45,72.10,68.23,
1990:Q1,57.14,54.85,86.51,141.45,109.54,51.47,58.15,87.41,58.50,53.51,28.89,82.22,154.07,175.15,51.46,40.92,63.57,48.06,76.55,65.89,58.06,74.26,68.53,
1990:Q2,56.48,55.43,87.58,138.60,109.39,49.90,58.20,87.06,59.03,51.77,29.51,87.69,158.46,183.11,52.52,42.65,62.51,47.96,76.90,65.51,58.32,76.69,72.29,
1990:Q3,55.70,55.81,82.69,134.90,109.80,48.80,58.42,83.87,59.26,50.68,29.91,86.21,164.09,183.17,53.45,41.85,60.56,47.90,75.86,65.05,57.72,80.63,77.38,
1990:Q4,54.66,56.13,79.14,131.16,109.92,48.58,58.50,81.43,59.91,49.79,30.11,87.65,165.80,186.46,54.22,40.40,57.96,47.00,75.14,64.05,57.15,85.63,79.24,
1991:Q1,54.48,56.23,74.84,129.43,110.77,48.97,60.88,78.51,61.09,48.69,29.70,88.13,166.01,184.72,54.24,39.84,56.96,46.97,75.55,64.27,56.33,99.48,76.80,
1991:Q2,54.91,56.58,74.17,128.12,110.71,48.93,62.32,74.95,60.99,47.22,29.68,91.29,166.02,186.97,54.91,41.37,54.96,45.95,73.41,64.30,56.36,107.13,77.53,
1991:Q3,56.13,57.21,76.45,127.00,110.10,48.86,62.78,70.92,60.31,46.67,29.63,90.60,164.90,180.79,55.61,41.57,54.17,45.50,72.64,63.95,56.45,115.18,90.75,
1991:Q4,55.53,58.04,76.82,124.26,109.23,49.20,64.49,68.24,59.92,46.49,29.55,91.89,162.42,171.22,56.36,41.35,54.60,45.24,72.79,64.47,56.71,123.18,87.39,
1992:Q1,54.99,59.05,75.19,121.60,110.29,48.88,60.47,64.34,58.71,45.54,29.40,90.87,160.08,163.95,58.35,42.51,53.04,45.26,68.93,64.58,54.51,140.51,81.23,
1992:Q2,55.03,59.70,75.18,118.84,110.20,48.27,58.21,61.16,57.79,44.18,29.33,93.07,157.09,157.52,58.71,41.67,53.68,45.00,66.86,64.07,51.59,145.41,82.37,
1992:Q3,54.97,60.07,74.03,115.92,110.78,47.36,57.22,58.09,56.93,43.28,29.30,92.64,155.04,152.49,58.65,44.65,53.25,45.29,64.30,64.37,49.26,144.69,83.87,
1992:Q4,55.08,60.33,73.58,113.27,111.17,46.03,56.17,56.11,56.78,41.85,29.30,92.91,152.48,150.41,58.22,43.69,52.17,45.86,60.39,64.33,49.75,139.41,80.64,
1993:Q1,55.34,60.68,74.02,111.39,110.56,45.49,55.03,52.94,56.52,41.78,29.22,91.14,149.88,147.11,56.22,43.91,50.34,46.19,56.15,63.98,49.33,124.00,85.86,
1993:Q2,55.25,61.27,73.59,109.36,110.84,44.82,55.16,52.09,56.00,41.69,29.28,89.97,148.10,143.11,55.63,45.32,51.64,46.53,54.71,64.09,48.67,116.09,89.49,
1993:Q3,55.39,61.99,74.07,107.09,111.71,46.86,54.92,52.31,55.42,41.63,29.35,87.39,146.64,139.42,55.22,46.85,53.13,47.15,53.38,64.30,48.74,108.46,88.74,
1993:Q4,55.57,62.81,73.31,107.13,112.25,49.48,54.33,52.41,55.46,41.12,29.45,85.46,145.45,135.59,54.96,46.71,54.17,48.39,54.42,64.55,48.44,101.32,91.88,
1994:Q1,55.93,63.46,73.10,107.96,112.51,51.90,53.22,53.42,55.79,41.92,29.61,83.68,144.10,130.18,55.28,47.64,56.22,49.93,55.57,64.73,48.61,86.76,95.33,
1994:Q2,56.42,64.21,73.83,108.70,113.34,51.16,52.77,53.47,55.34,42.06,29.78,82.01,142.80,127.38,55.15,48.56,55.86,51.36,55.93,64.71,49.24,82.45,97.46,
1994:Q3,57.26,64.79,73.86,108.48,113.89,50.26,52.76,52.74,54.77,41.93,29.98,80.37,142.48,124.95,54.99,50.78,57.76,52.98,55.77,64.48,49.49,80.55,98.69,
1994:Q4,56.48,65.20,74.22,107.21,114.26,50.96,52.00,51.84,54.87,41.95,30.22,79.83,141.75,124.11,54.80,49.16,59.13,54.30,55.31,64.21,48.99,80.38,101.33,
1995:Q1,56.67,65.31,73.69,105.27,114.73,51.72,52.07,51.25,54.72,41.58,30.11,79.23,141.54,122.24,53.87,48.91,59.33,54.57,54.79,64.25,49.20,90.14,106.84,
1995:Q2,55.59,65.92,72.16,103.94,114.59,53.10,51.95,51.25,54.33,41.44,30.55,78.58,141.45,119.78,53.76,49.26,60.26,54.75,54.65,64.87,48.87,92.19,109.56,
1995:Q3,55.46,66.32,71.44,102.25,114.28,54.57,51.72,50.53,53.61,40.64,31.16,77.55,140.94,117.20,54.26,50.29,61.52,56.04,53.75,65.57,48.89,93.90,113.21,
1995:Q4,54.96,67.18,71.23,100.28,113.88,56.38,52.55,50.38,53.71,40.49,31.94,76.35,140.36,116.25,54.76,50.57,61.21,57.74,53.61,65.89,48.37,95.04,116.64,
1996:Q1,54.52,67.14,70.53,98.19,114.02,56.88,51.87,50.68,53.94,41.02,32.97,75.20,139.66,114.73,56.54,52.09,62.32,60.51,53.72,66.26,48.44,95.23,120.13,
1996:Q2,54.87,67.56,69.68,97.16,113.65,57.53,51.31,51.68,54.05,40.42,34.06,73.79,138.54,112.50,57.33,53.37,63.35,61.27,53.80,65.88,47.58,95.73,123.66,
1996:Q3,55.19,67.47,69.08,96.47,112.99,59.10,50.67,52.40,54.86,41.10,35.29,72.25,137.95,110.72,57.26,55.15,65.21,61.08,54.12,65.86,46.82,96.04,119.54,
1996:Q4,54.93,67.51,68.38,94.72,112.18,61.36,51.35,53.38,54.60,42.17,36.67,70.73,137.31,110.51,57.43,56.03,66.25,62.38,54.91,66.02,45.62,95.87,120.82,
1997:Q1,55.21,67.38,68.79,93.40,111.08,62.86,51.02,54.82,52.63,43.09,37.95,68.70,136.88,110.68,57.85,57.61,65.33,63.65,55.77,66.28,45.59,95.18,122.54,
1997:Q2,55.73,68.23,69.38,92.60,110.45,63.68,51.96,56.79,54.05,43.31,40.33,67.74,134.51,109.66,57.87,58.63,67.96,64.25,56.63,66.61,46.04,93.88,124.59,
1997:Q3,56.69,68.49,72.27,92.22,108.99,64.90,51.43,58.58,53.95,44.39,41.90,67.46,134.09,108.21,58.42,59.86,69.99,64.18,57.11,67.32,47.95,96.84,126.10,
1997:Q4,57.42,69.44,72.14,91.76,108.50,65.70,50.88,59.68,54.08,44.48,44.09,67.26,133.87,105.94,58.59,60.77,70.40,64.84,58.23,68.08,49.14,97.94,124.44,
1998:Q1,58.71,70.37,72.68,91.63,108.71,66.64,51.82,61.41,53.36,45.97,48.43,67.47,133.55,99.18,58.50,61.95,70.78,64.25,60.00,69.10,50.49,99.07,123.48,
1998:Q2,59.57,71.00,72.58,91.48,108.09,68.66,53.65,62.66,54.28,48.02,50.47,67.62,133.11,92.64,59.68,63.41,72.69,62.12,61.37,69.53,50.36,97.24,121.96,
1998:Q3,59.77,72.35,72.39,91.34,107.84,69.66,54.05,63.78,55.30,49.27,52.91,67.42,132.86,90.76,59.97,65.27,72.52,60.46,62.52,70.26,50.43,96.36,119.61,
1998:Q4,60.70,74.04,72.03,91.13,107.89,71.16,54.23,64.39,55.71,49.38,55.04,67.76,131.66,89.00,60.70,67.10,70.99,61.75,64.23,71.01,49.83,94.22,124.03,
1999:Q1,61.69,75.46,72.28,91.10,108.58,71.83,55.08,65.64,56.78,49.85,57.99,68.93,131.04,89.21,60.96,69.31,73.44,62.51,64.74,71.57,48.75,93.21,121.61,
1999:Q2,62.59,76.52,73.09,91.00,108.36,72.03,55.87,67.03,57.87,51.79,60.56,69.57,130.05,89.45,61.57,72.13,75.44,62.91,66.33,72.07,49.06,94.82,120.51,
1999:Q3,63.81,77.56,72.58,90.69,108.72,72.84,56.46,68.41,59.77,54.42,61.66,70.24,129.09,89.58,63.48,75.38,76.17,63.06,67.57,72.68,48.84,94.11,121.37,
1999:Q4,65.42,77.81,73.52,90.54,109.04,72.56,57.88,69.92,60.13,56.30,63.72,70.60,128.44,89.18,63.21,78.45,78.06,62.92,68.61,73.10,49.69,93.50,119.60,
2000:Q1,66.20,77.74,73.80,90.19,108.92,73.25,58.23,71.44,60.90,57.91,65.79,71.36,127.47,87.56,63.80,80.42,79.17,62.40,70.39,73.88,51.31,93.91,113.79,
2000:Q2,66.96,77.74,74.20,90.67,109.13,74.35,58.73,71.01,62.15,60.38,67.64,72.20,126.49,88.54,63.87,83.25,83.51,61.55,73.17,74.67,52.17,90.98,114.74,
2000:Q3,65.54,78.03,73.94,90.60,109.16,75.82,58.65,69.97,63.39,60.96,68.60,73.45,125.52,86.83,65.37,86.52,82.26,60.81,74.79,75.53,53.50,84.06,112.38,
2000:Q4,66.67,78.81,73.63,90.53,109.00,76.28,59.56,70.42,63.12,63.57,69.41,74.47,124.62,85.42,65.90,87.80,83.99,60.08,76.05,76.37,55.21,78.84,110.69,
2001:Q1,67.57,79.87,74.43,90.92,108.87,77.38,60.79,71.37,64.21,63.42,69.15,75.63,123.17,83.91,69.88,88.50,83.98,60.57,77.78,77.74,54.58,88.37,109.68,
2001:Q2,69.36,79.56,74.35,91.31,108.28,77.19,61.63,70.86,65.58,64.87,69.81,76.22,122.48,85.16,71.76,90.19,85.66,60.07,77.58,78.59,54.63,85.35,107.66,
2001:Q3,73.13,80.19,74.92,91.96,107.36,77.95,62.56,70.48,66.80,66.44,70.67,77.23,121.47,87.70,73.29,92.26,87.68,60.42,78.15,79.72,58.93,77.72,108.05,
2001:Q4,74.92,81.08,75.73,93.20,105.79,77.42,64.57,71.85,67.42,66.59,71.52,78.75,120.53,89.87,74.78,91.92,88.39,61.11,77.63,80.76,59.76,79.91,107.43,
2002:Q1,77.99,81.75,78.30,94.58,105.15,78.32,67.23,74.80,68.08,68.89,71.81,80.34,119.20,94.29,75.65,92.91,88.35,62.19,79.09,81.77,58.93,91.65,111.77,
2002:Q2,81.93,82.89,79.17,95.59,105.33,78.63,69.36,76.13,70.09,73.55,73.22,81.48,117.87,97.03,76.67,93.38,88.92,63.19,80.48,82.45,59.18,81.17,111.76,
2002:Q3,84.96,84.10,79.93,96.60,104.89,79.27,71.11,76.92,72.28,77.47,74.14,82.54,116.56,99.55,78.04,94.37,86.45,65.08,82.71,83.62,60.68,83.79,107.96,
2002:Q4,87.14,85.40,81.87,97.53,103.84,79.09,73.29,78.05,73.44,81.60,75.92,83.99,115.07,101.18,79.38,93.75,86.99,67.24,83.85,84.54,62.06,82.53,105.63,
2003:Q1,88.74,85.78,83.49,97.75,103.03,78.89,76.03,80.30,74.62,84.16,79.44,85.32,113.51,100.97,80.35,94.31,86.28,70.54,83.86,84.97,64.83,86.58,104.59,
2003:Q2,93.33,86.90,85.48,98.22,104.04,80.06,78.82,81.72,77.26,85.64,80.83,87.09,111.98,103.28,83.12,95.08,86.21,73.18,85.16,85.85,67.32,85.78,101.24,
2003:Q3,98.84,87.60,87.55,98.58,103.37,81.17,81.32,82.88,79.44,86.39,83.64,88.80,110.36,104.80,85.53,95.28,86.50,78.66,85.84,86.60,69.98,92.74,102.79,
2003:Q4,102.20,88.72,88.70,98.92,102.49,81.31,84.13,85.81,81.25,88.69,85.76,90.62,108.83,104.73,87.67,95.76,87.47,83.59,87.57,88.81,74.47,83.67,101.94,
2004:Q1,101.61,89.32,90.75,99.44,102.40,83.16,87.09,88.47,83.97,90.50,86.19,92.59,107.05,102.85,90.84,97.07,92.91,86.56,89.66,89.51,77.08,89.39,102.05,
2004:Q2,99.98,89.81,93.73,99.62,101.13,85.33,89.51,90.63,86.57,94.20,88.89,94.05,105.52,102.47,93.61,97.16,92.78,88.22,91.93,90.95,82.31,92.66,103.29,
2004:Q3,100.04,91.32,95.02,100.06,100.04,87.97,91.64,90.99,89.76,96.95,90.96,95.31,104.23,100.52,96.41,98.13,93.37,90.31,93.62,93.85,88.92,94.17,101.88,
2004:Q4,100.95,93.64,95.32,99.95,99.08,89.59,94.77,93.00,92.38,97.78,92.75,96.81,102.62,99.53,97.95,98.40,95.05,92.11,95.73,95.23,93.14,99.07,99.04,
2005:Q1,100.16,96.43,97.09,99.88,100.45,92.85,97.55,96.62,95.29,98.50,95.68,98.58,101.56,98.44,98.66,99.35,98.77,96.35,96.76,96.92,95.92,100.50,98.62,
2005:Q2,100.01,98.73,99.49,99.61,100.29,97.12,98.95,99.30,98.63,99.77,98.47,99.68,100.44,99.60,99.15,99.83,98.68,98.88,97.71,99.26,98.48,98.72,100.18,
2005:Q3,99.31,100.95,100.91,100.07,100.08,102.63,100.56,101.13,101.79,100.51,100.74,100.35,99.52,101.09,101.32,100.43,100.58,100.72,101.12,101.10,101.18,99.76,100.64,
2005:Q4,100.52,103.88,102.50,100.44,99.17,107.39,102.94,102.95,104.29,101.21,105.11,101.39,98.49,100.86,100.87,100.39,101.97,104.05,104.41,102.73,104.42,101.02,100.56,
2006:Q1,100.79,106.23,105.79,100.89,99.23,113.92,104.86,103.76,106.67,102.51,106.24,102.83,97.52,101.58,104.36,100.90,105.34,105.59,107.77,103.89,108.33,111.26,100.36,
2006:Q2,103.20,107.66,111.22,101.11,99.17,119.21,105.61,104.87,108.96,104.38,109.40,103.56,96.96,103.32,106.49,101.61,108.26,105.39,110.05,104.04,111.44,107.00,98.47,
2006:Q3,105.29,109.33,114.36,100.99,98.26,121.16,106.79,105.81,110.74,105.81,115.40,103.93,96.37,104.26,105.33,102.25,112.47,107.53,111.81,104.12,112.96,116.17,98.32,
2006:Q4,106.53,111.44,115.19,101.46,97.61,121.56,108.88,107.20,112.36,107.84,117.73,105.13,96.22,109.00,105.72,102.89,115.18,111.20,114.14,105.50,115.33,116.77,95.91,
2007:Q1,107.04,112.91,116.69,101.96,95.61,123.10,109.17,108.17,113.36,111.01,118.69,106.33,96.38,112.35,105.58,102.93,120.04,115.45,115.12,104.91,118.37,124.73,95.05,
2007:Q2,110.04,114.35,121.50,101.78,95.25,122.63,108.79,109.15,114.13,112.72,117.95,106.97,96.18,111.51,105.80,103.32,123.64,118.32,119.50,103.91,120.41,123.63,95.54,
2007:Q3,114.14,116.01,124.12,101.71,94.84,123.11,109.03,109.69,114.73,114.74,117.01,107.22,96.12,111.62,105.43,104.57,125.33,118.48,123.70,102.14,121.11,121.57,96.94,
2007:Q4,117.57,116.59,124.57,101.24,94.40,120.34,109.27,109.25,115.42,115.03,115.67,107.43,95.60,111.67,104.80,104.38,124.72,117.71,124.88,100.96,119.73,121.83,94.07,
2008:Q1,117.48,116.98,126.04,101.16,94.83,118.32,109.32,108.98,114.42,111.84,111.73,108.07,95.21,111.25,104.37,104.32,124.93,115.81,122.48,99.39,120.95,123.38,94.54,
2008:Q2,115.34,116.52,126.95,101.84,94.41,117.57,106.94,107.81,113.09,108.55,109.90,107.16,94.65,111.26,101.76,104.13,124.16,109.22,121.60,95.81,117.93,120.55,95.82,
2008:Q3,111.85,116.34,123.84,103.02,93.04,113.54,104.92,105.25,111.98,101.59,106.24,105.57,93.55,111.47,99.32,104.98,119.82,105.49,121.52,91.84,112.75,118.98,99.64,
2008:Q4,109.41,117.28,120.77,104.42,93.42,104.72,103.11,101.91,109.70,94.93,102.10,105.07,93.52,110.82,99.78,105.13,113.71,102.83,118.10,92.46,110.02,117.22,100.01,
2009:Q1,108.02,117.41,117.66,106.09,94.16,98.93,102.03,101.19,106.46,91.97,100.84,104.74,93.36,108.96,100.86,104.66,114.60,100.77,116.45,93.67,107.44,117.57,101.73,
2009:Q2,111.80,117.46,119.42,107.51,94.64,98.29,99.46,102.31,104.57,91.87,94.52,103.24,92.87,107.90,102.69,103.01,117.67,102.55,119.40,90.70,104.25,110.27,105.61,
2009:Q3,116.39,117.78,122.76,108.77,94.53,98.72,97.94,105.05,105.32,94.26,91.54,102.18,92.65,108.20,102.05,100.95,120.72,104.51,120.96,87.70,106.18,106.77,110.89,
2009:Q4,121.51,118.42,125.07,110.28,94.76,98.45,96.82,107.78,106.31,96.87,90.04,101.20,92.16,109.53,104.59,99.90,122.90,106.88,123.90,86.59,108.47,106.34,116.06,
2010:Q1,125.03,119.11,128.82,111.04,94.04,98.17,96.02,109.83,107.40,97.71,88.05,100.38,91.43,109.47,104.55,99.50,122.76,106.39,126.44,85.26,111.85,103.36,119.70,
2010:Q2,126.41,119.64,131.49,112.11,93.85,99.25,93.97,111.19,108.73,97.74,84.92,99.59,90.70,108.64,105.33,99.69,126.86,105.57,127.92,84.33,111.46,102.68,122.55,
2010:Q3,125.26,120.56,129.70,113.55,93.66,99.15,92.57,112.15,110.45,97.51,83.07,98.92,90.63,108.02,106.50,98.79,126.24,104.10,127.53,84.85,107.69,100.92,124.83,
2010:Q4,125.18,121.26,128.39,114.45,93.52,98.92,91.18,111.65,112.37,95.63,78.99,98.14,89.70,108.02,107.56,97.25,127.41,102.25,128.49,83.90,107.03,101.42,127.65,
2011:Q1,122.59,121.37,130.18,115.20,94.16,95.80,89.04,110.80,112.87,93.59,75.77,96.89,88.92,108.87,106.20,96.27,131.61,101.67,128.62,80.99,107.08,100.58,130.95,
2011:Q2,120.23,121.44,133.23,116.67,94.53,95.86,86.67,111.29,114.27,92.43,71.07,95.53,88.44,109.94,106.13,95.25,131.49,101.88,127.93,78.72,106.93,100.39,133.47,
2011:Q3,117.79,121.80,133.64,118.23,94.60,93.45,85.41,110.74,115.05,91.67,67.54,94.24,87.98,110.64,106.15,94.16,133.90,103.34,126.14,78.87,105.90,101.62,133.78,
2011:Q4,116.27,122.08,132.97,119.68,94.70,90.58,83.47,109.62,114.35,91.21,64.24,92.50,87.24,111.38,106.47,92.09,135.98,103.67,123.10,79.06,102.40,100.88,131.89,
2012:Q1,115.96,121.94,134.81,121.08,95.09,88.91,80.87,109.24,112.95,91.03,59.22,90.83,86.60,111.72,103.44,90.87,137.08,104.17,123.32,77.79,98.70,100.37,131.76,
2012:Q2,115.27,122.21,138.30,122.28,96.15,88.67,77.78,108.98,112.24,91.22,58.50,89.35,86.38,110.92,103.40,88.79,139.05,105.41,123.38,77.17,98.70,97.22,132.70,
2012:Q3,114.40,122.00,137.98,123.76,97.02,88.61,75.48,109.49,111.69,90.99,59.30,88.35,86.42,110.92,102.20,85.11,140.61,107.56,124.41,77.88,100.76,95.00,134.54,
2012:Q4,116.01,121.78,136.60,125.63,97.66,88.93,73.08,109.09,110.68,90.82,59.06,86.79,85.69,109.96,102.92,83.56,141.20,109.96,125.65,78.20,101.59,92.04,138.57,
2013:Q1,116.51,122.05,136.62,127.44,97.98,89.53,72.77,108.24,109.60,90.49,57.01,84.93,85.34,109.78,108.05,80.70,142.57,111.52,126.11,78.33,102.78,91.26,142.50,
2013:Q2,118.57,121.64,139.92,129.06,99.01,90.77,71.67,108.18,109.02,90.76,57.70,83.58,85.10,109.05,108.83,79.01,143.53,114.76,126.47,79.47,103.80,91.29,143.58,
2013:Q3,121.18,120.94,140.17,129.79,99.11,90.45,71.42,108.27,108.23,91.26,61.24,82.64,84.57,109.23,109.12,79.18,142.30,117.76,127.02,80.42,103.83,90.98,145.43,
2013:Q4,125.16,120.39,140.82,130.80,99.19,90.86,70.26,107.28,108.16,92.74,62.77,81.72,83.95,109.39,110.81,78.96,141.14,118.80,129.17,80.90,104.44,91.20,146.91,
2014:Q1,126.12,119.98,142.06,130.93,99.67,91.45,69.83,106.48,107.15,94.58,63.32,80.48,83.49,109.52,112.05,78.75,140.30,119.18,132.17,81.23,105.11,91.79,151.03,
2014:Q2,128.02,120.18,145.06,131.56,100.81,93.21,69.11,106.24,107.33,96.40,66.32,79.63,81.94,109.05,114.14,79.40,142.61,121.39,133.39,82.35,106.65,92.15,153.08,
2014:Q3,130.08,120.21,145.78,131.98,101.23,93.17,69.57,105.73,106.68,97.78,72.06,79.06,81.75,110.09,116.76,79.96,144.56,122.67,135.66,83.31,107.95,90.40,152.47,
2014:Q4,132.02,120.57,146.32,132.82,101.83,93.25,70.23,104.82,105.27,99.08,73.64,78.44,81.67,110.83,117.86,80.21,145.92,125.53,138.89,84.12,109.21,90.14,154.80,
2015:Q1,134.01,121.07,148.47,134.30,103.20,96.35,70.21,104.72,104.63,100.18,73.11,78.09,81.65,111.55,121.48,81.39,145.48,129.23,142.35,85.32,109.46,91.58,158.28,
2015:Q2,139.46,120.81,152.70,135.28,104.33,98.00,69.88,104.51,103.96,101.20,73.45,77.39,81.41,111.38,122.35,81.11,147.51,134.23,145.66,86.41,109.11,88.88,161.43,
2015:Q3,142.59,120.89,154.65,135.78,105.36,98.17,70.84,104.57,104.17,103.30,75.19,77.05,81.31,112.93,121.22,81.69,148.51,139.42,149.30,87.53,109.96,88.96,164.11,
2015:Q4,141.82,120.85,156.18,136.48,106.47,98.67,71.56,104.46,104.42,105.38,76.47,76.60,81.29,114.52,122.61,82.32,146.37,138.52,154.71,88.39,109.66,90.71,167.59,
2016:Q1,142.13,121.12,160.20,137.36,108.00,100.52,72.19,104.59,104.94,107.52,75.49,76.46,81.50,115.00,126.63,83.53,147.14,142.98,156.13,89.22,109.74,92.43,171.04,
2016:Q2,144.49,121.21,172.16,137.54,109.95,100.72,71.89,104.95,104.91,108.35,76.01,76.27,81.57,113.80,126.65,84.22,148.02,151.69,157.19,90.47,108.31,90.99,173.83,
2016:Q3,146.95,121.73,178.14,138.22,111.61,101.44,72.16,105.23,105.71,108.79,79.57,75.75,81.68,114.27,130.20,86.06,151.05,156.88,160.27,91.67,108.66,91.89,177.50,
2016:Q4,153.00,122.33,179.53,139.28,112.66,101.53,72.10,104.38,105.84,109.47,82.75,75.50,81.33,114.67,129.15,86.45,153.52,156.51,161.94,92.13,108.80,91.30,178.75,
2017:Q1,156.41,122.12,186.32,140.06,113.97,101.73,72.08,103.92,106.99,110.81,84.95,75.48,81.37,114.64,129.26,87.59,154.85,157.67,164.63,92.30,107.68,90.40,178.45,
,,,,,,,,,,,,,,,,,,,,,,,,
,,,,,,,,,,,,,,,,,,,,,,,,
