 ,Australia,Belgium,Canada,Switzerland,Germany,Denmark,Spain,Finland,France,UK,Ireland,Italy,Japan,S. Korea,Luxembourg,Netherlands,Norway,New Zealand,Sweden,US,S. Africa,Croatia,Israel,
1975:Q1,72.13,66.15,70.62,73.36,65.20,70.21,71.77,52.89,66.12,49.90,52.03,61.94,62.18,25.44,37.25,77.32,45.75,80.51,72.57,57.24,98.35,8.43,48.03,
1975:Q2,71.41,68.34,71.45,72.68,65.89,71.65,71.36,53.20,66.31,49.05,51.29,63.86,62.71,26.03,36.81,78.92,46.91,78.88,72.90,58.68,98.94,8.60,52.52,
1975:Q3,70.63,70.23,72.21,72.25,66.65,72.78,71.22,53.73,67.32,48.99,50.59,65.38,63.31,26.91,37.24,79.21,48.03,78.46,73.16,58.22,99.09,8.71,54.71,
1975:Q4,69.63,71.78,72.36,72.02,66.82,73.74,71.38,56.41,68.27,48.51,49.90,66.78,63.84,27.41,38.37,80.57,49.14,77.63,73.42,58.29,99.32,8.85,52.55,
1976:Q1,69.25,73.03,72.79,71.54,66.83,74.54,72.57,52.77,67.63,48.63,49.22,67.08,64.25,28.33,39.75,80.91,50.22,75.98,73.88,58.57,98.42,9.00,50.52,
1976:Q2,69.64,73.73,74.32,71.50,66.98,75.24,72.80,53.14,67.74,48.44,48.88,66.81,64.40,29.16,40.99,81.11,51.12,74.50,74.17,58.68,97.18,9.09,46.55,
1976:Q3,71.14,74.01,72.17,71.54,67.15,75.82,72.89,52.69,68.36,49.04,48.84,66.78,64.60,29.38,41.71,81.93,51.88,74.15,74.32,58.80,96.46,9.19,43.64,
1976:Q4,71.09,74.04,74.23,71.69,67.81,76.21,72.84,52.56,68.55,48.22,48.99,66.81,64.73,30.34,41.76,81.09,52.60,73.85,74.37,58.86,97.06,9.32,43.68,
1977:Q1,70.72,72.43,73.11,71.72,68.30,76.23,72.20,51.98,68.61,47.23,49.64,67.44,64.70,29.73,41.52,82.35,53.17,72.31,74.84,58.78,98.53,9.40,44.37,
1977:Q2,70.22,72.52,74.05,72.19,68.93,76.49,72.20,51.71,68.68,46.98,50.21,68.20,64.88,30.60,41.44,81.32,53.71,70.60,74.50,59.16,97.68,9.50,46.38,
1977:Q3,69.63,72.79,73.06,72.72,69.49,76.84,72.31,51.54,69.34,47.69,51.01,68.66,65.31,31.27,41.68,82.60,54.11,70.13,74.21,59.74,96.67,9.62,46.62,
1977:Q4,70.02,73.17,73.98,73.20,70.11,77.28,72.54,52.03,70.49,49.02,52.13,69.31,66.07,32.66,42.08,82.71,54.50,69.73,74.03,60.46,96.04,9.76,45.36,
1978:Q1,70.94,73.60,75.68,74.62,71.09,77.87,73.43,52.70,72.07,49.54,53.50,69.20,66.65,32.64,42.83,83.86,55.22,70.17,73.56,60.75,95.73,10.04,45.67,
1978:Q2,71.00,74.06,75.08,74.71,71.50,78.17,73.54,53.36,72.70,50.52,54.45,70.15,66.94,33.30,43.55,83.98,54.90,70.42,73.82,61.06,93.88,10.15,47.30,
1978:Q3,71.63,74.47,74.75,74.62,72.19,78.22,73.48,54.51,73.03,51.50,54.93,71.11,67.25,33.46,43.91,84.58,55.50,71.71,74.16,61.25,94.21,10.19,49.25,
1978:Q4,71.43,74.83,75.15,74.44,73.03,78.08,73.28,55.37,73.52,51.80,55.06,72.04,67.78,35.42,44.25,84.71,55.76,72.46,74.30,61.44,94.76,10.18,50.27,
1979:Q1,71.77,75.23,75.22,74.50,73.45,77.69,72.83,56.14,73.42,52.41,54.83,72.92,68.24,35.17,44.59,86.24,54.78,74.15,74.63,61.62,96.01,10.12,50.57,
1979:Q2,71.51,75.64,76.90,74.47,73.28,77.39,72.45,57.20,72.80,53.04,54.58,73.69,68.27,34.58,45.12,85.45,54.72,73.94,74.30,61.15,96.03,10.03,49.23,
1979:Q3,71.03,76.07,76.10,74.54,73.15,77.10,72.03,58.06,72.47,53.44,54.27,74.34,68.36,34.93,45.72,84.08,55.01,73.06,73.93,61.05,96.66,9.92,47.16,
1979:Q4,70.94,76.43,77.20,74.63,73.37,76.77,71.56,58.90,72.44,54.71,53.88,74.76,68.37,34.74,46.41,82.17,55.46,72.89,73.70,60.97,100.06,9.74,43.76,
1980:Q1,71.15,78.60,77.34,74.60,73.75,76.17,70.71,59.55,72.06,54.10,52.56,74.16,68.04,31.80,47.36,77.55,56.02,71.37,74.62,60.80,102.45,9.39,41.16,
1980:Q2,71.77,78.46,77.50,74.91,72.71,75.72,70.32,60.10,72.17,54.01,52.29,76.08,68.64,31.40,48.42,75.04,56.28,70.47,74.60,60.12,100.73,9.19,39.78,
1980:Q3,71.90,78.52,77.21,75.37,72.48,75.22,70.03,60.05,72.28,54.34,52.20,75.96,68.77,30.76,49.32,73.79,56.37,70.76,74.78,60.41,99.15,9.03,39.50,
1980:Q4,72.26,78.62,77.19,75.62,72.50,74.67,69.83,59.81,72.21,54.08,52.21,77.71,68.85,30.38,49.88,73.32,56.65,71.58,74.82,61.04,98.92,8.91,39.97,
1981:Q1,72.32,78.38,78.54,75.71,72.65,73.45,69.84,59.56,72.20,54.08,54.07,79.23,69.55,31.84,50.71,73.82,57.73,73.71,74.90,60.87,98.43,8.79,41.74,
1981:Q2,72.95,78.20,78.77,75.90,72.43,73.24,69.74,59.24,72.96,53.47,53.96,79.85,70.61,31.89,51.37,73.58,57.86,73.27,74.45,60.83,97.82,8.68,44.60,
1981:Q3,73.25,77.84,78.38,75.73,71.84,73.36,69.65,60.02,72.65,53.17,53.63,80.17,70.97,31.90,52.40,73.09,57.24,73.61,73.82,61.48,97.37,8.60,47.68,
1981:Q4,73.72,77.38,79.17,75.79,71.28,73.76,69.58,60.61,72.27,53.26,52.99,80.06,71.62,32.46,53.98,72.40,57.95,74.25,73.33,61.54,98.06,8.53,49.44,
1982:Q1,73.79,76.68,79.96,76.37,70.78,76.29,69.63,61.69,73.17,53.20,51.19,79.18,71.85,33.33,55.41,72.93,57.85,75.69,72.60,61.51,98.58,8.64,49.92,
1982:Q2,74.12,76.19,78.28,76.02,70.25,76.64,69.52,62.23,73.49,53.51,50.39,79.58,72.22,33.72,56.62,72.87,57.56,73.97,72.10,61.63,96.81,8.54,48.90,
1982:Q3,73.32,75.76,77.73,75.55,69.53,76.74,69.38,62.85,73.39,53.32,49.80,78.78,72.69,34.29,57.70,72.72,57.14,73.13,71.93,61.77,96.05,8.42,46.76,
1982:Q4,73.03,75.36,74.81,75.30,68.96,76.66,69.22,63.74,72.30,53.34,49.44,78.46,73.06,34.88,58.22,72.14,57.30,71.61,71.23,61.92,95.95,8.21,44.65,
1983:Q1,72.74,74.86,74.45,75.34,68.91,74.76,69.17,64.57,73.03,53.47,49.15,79.26,73.12,35.27,58.83,70.88,57.43,68.85,71.39,62.24,97.10,7.86,43.17,
1983:Q2,71.99,74.61,74.13,75.40,68.92,74.59,68.90,65.20,72.15,54.49,49.10,79.73,73.83,36.24,59.03,70.79,58.07,69.72,71.16,62.62,96.72,7.65,42.97,
1983:Q3,73.52,74.38,78.00,75.53,68.56,74.50,68.54,65.56,71.70,54.37,49.07,80.09,74.24,37.64,59.22,70.40,58.13,70.87,70.67,63.37,96.84,7.47,43.15,
1983:Q4,73.33,74.14,76.38,75.39,68.93,74.48,68.11,65.63,71.53,54.49,49.11,79.50,74.36,38.33,58.93,70.24,58.66,72.00,70.44,64.44,97.60,7.31,40.79,
1984:Q1,73.55,74.08,75.33,75.48,69.39,75.80,67.13,65.26,71.30,54.89,49.47,79.29,74.99,38.90,58.75,70.72,58.68,73.55,71.16,65.46,98.70,7.08,38.53,
1984:Q2,73.76,73.69,77.90,75.69,69.73,75.79,66.79,66.03,70.49,54.84,49.58,79.81,75.24,39.67,58.51,71.23,59.94,73.73,71.79,66.36,99.90,6.99,38.27,
1984:Q3,73.46,73.35,78.22,75.95,70.38,75.71,66.60,66.28,70.59,55.88,49.73,80.40,75.44,40.47,58.09,71.79,60.09,73.39,72.59,67.05,99.42,6.95,38.75,
1984:Q4,73.72,73.20,78.85,76.12,70.62,75.49,66.54,66.33,69.72,56.96,49.93,81.06,76.76,40.91,58.02,72.31,60.60,72.83,72.59,67.40,98.22,6.96,38.87,
1985:Q1,74.02,72.10,78.84,76.19,70.44,73.88,66.55,67.16,70.06,57.63,50.25,81.67,76.66,41.23,57.80,70.98,60.81,71.84,72.75,67.40,97.89,6.98,41.07,
1985:Q2,73.53,72.63,81.56,76.64,70.85,73.96,66.73,67.30,70.01,57.96,50.40,81.69,77.00,42.08,58.14,72.65,60.93,71.61,73.77,68.10,96.17,7.07,40.66,
1985:Q3,73.49,73.45,81.14,77.15,71.74,74.47,67.03,67.86,71.08,58.19,50.46,82.06,77.90,42.63,58.88,72.81,60.96,71.77,74.55,68.06,95.08,7.22,39.44,
1985:Q4,73.91,74.37,81.48,77.28,72.22,75.48,67.44,68.51,71.55,58.82,50.40,82.13,78.55,43.58,59.78,73.89,60.97,72.38,75.23,68.52,94.23,7.43,42.30,
1986:Q1,73.81,76.01,80.92,77.92,73.11,78.14,68.12,68.36,71.88,59.58,49.90,82.01,78.57,45.63,61.17,73.24,62.76,73.04,76.36,69.04,93.15,7.96,46.16,
1986:Q2,73.29,76.50,81.85,78.41,74.59,79.08,68.62,68.61,72.18,60.87,49.93,82.63,78.72,47.39,62.37,74.20,62.37,73.88,76.20,69.64,92.25,8.18,49.08,
1986:Q3,72.49,76.68,81.03,79.28,75.16,79.45,69.13,69.49,72.26,60.51,50.16,83.30,78.64,48.57,62.90,75.12,61.61,74.84,76.92,69.95,92.74,8.28,51.28,
1986:Q4,72.04,76.67,80.76,80.09,75.82,79.28,69.66,70.54,72.39,60.41,50.58,83.93,78.67,50.54,63.18,74.59,61.25,75.69,77.34,70.00,93.39,8.33,52.67,
1987:Q1,71.43,75.54,81.99,80.87,76.68,77.53,70.19,71.86,71.92,60.24,51.44,84.41,78.94,51.03,63.06,74.16,61.08,78.07,76.98,70.20,94.38,8.07,53.81,
1987:Q2,71.54,75.75,81.20,81.81,77.14,77.14,70.80,72.95,72.87,61.06,51.91,84.99,79.46,52.60,63.09,74.45,61.82,78.27,77.47,69.83,93.96,8.07,55.02,
1987:Q3,71.72,76.15,83.93,82.50,77.52,77.05,71.46,73.85,72.90,61.64,52.24,85.35,80.00,53.52,63.06,74.94,61.62,79.37,76.90,70.57,93.43,8.09,56.58,
1987:Q4,71.20,76.62,83.38,83.06,78.14,77.23,72.17,74.14,73.22,62.14,52.47,85.83,80.74,54.94,63.50,75.08,61.12,80.30,76.72,71.34,94.22,8.12,57.62,
1988:Q1,71.83,77.74,82.79,83.97,79.18,78.14,73.04,72.99,73.69,63.01,52.22,86.56,82.16,56.21,63.92,75.17,60.90,79.67,76.96,72.12,94.55,7.59,58.37,
1988:Q2,72.16,78.06,84.80,84.72,79.53,78.44,73.77,74.10,74.48,63.94,52.46,87.28,83.31,57.68,64.80,75.26,61.29,80.62,76.94,72.73,95.12,7.98,59.09,
1988:Q3,72.43,78.35,86.83,85.57,79.44,78.61,74.47,74.83,74.83,64.70,52.80,87.84,84.22,58.93,65.72,75.59,62.03,81.06,77.10,73.27,96.42,8.74,60.29,
1988:Q4,73.68,78.74,88.15,86.35,80.31,78.61,75.13,76.08,75.77,65.30,53.22,88.52,84.48,59.64,67.15,76.79,62.61,81.81,77.20,73.81,96.03,10.08,60.59,
1989:Q1,74.86,79.56,89.01,87.15,79.71,78.85,75.46,78.21,76.10,66.39,54.31,89.14,85.89,60.24,68.67,77.97,62.54,82.67,76.95,74.33,95.38,15.81,60.34,
1989:Q2,75.42,80.33,90.13,87.41,80.04,78.80,76.20,79.38,76.12,67.46,54.82,89.72,86.37,61.16,69.97,79.06,62.04,82.05,77.13,74.24,95.09,18.48,60.88,
1989:Q3,75.23,81.27,87.77,88.12,81.30,78.87,77.06,80.32,77.49,68.86,55.32,90.53,87.22,62.56,71.43,80.31,63.14,81.45,78.35,74.50,95.71,20.69,61.98,
1989:Q4,76.57,82.31,88.11,88.02,82.36,79.06,78.02,80.90,78.31,68.92,55.81,90.94,88.67,63.13,72.55,81.78,63.26,80.87,79.20,74.84,94.83,22.50,63.07,
1990:Q1,76.85,83.85,89.57,88.56,82.77,79.78,79.49,79.99,79.28,70.05,56.04,90.93,89.55,63.80,74.00,84.53,63.00,80.81,78.70,74.95,93.49,22.90,63.95,
1990:Q2,76.45,84.80,86.16,89.12,83.80,78.15,80.45,80.41,79.20,70.07,56.44,94.57,90.64,64.99,75.30,85.58,63.82,80.34,80.05,75.13,92.69,23.15,64.60,
1990:Q3,76.05,85.63,87.44,88.89,84.87,78.71,81.31,80.56,79.93,70.59,56.76,94.93,91.95,66.43,76.93,86.27,63.97,79.88,80.55,74.97,93.28,22.90,65.08,
1990:Q4,75.83,86.39,87.51,88.59,85.38,79.22,82.10,80.99,79.50,71.39,57.02,95.63,93.08,68.05,79.09,85.83,64.45,78.69,82.43,74.43,93.24,22.12,65.87,
1991:Q1,74.85,86.82,86.39,89.48,86.07,79.57,83.09,82.02,80.09,71.75,57.26,94.02,93.59,70.71,80.86,83.24,64.71,79.61,82.49,74.38,91.83,21.80,66.94,
1991:Q2,74.73,87.59,84.42,89.45,88.10,79.93,83.59,82.17,80.64,71.43,57.43,96.51,94.02,72.36,82.32,83.55,64.67,79.25,82.96,74.63,90.85,20.57,67.87,
1991:Q3,74.61,88.35,85.23,89.27,85.06,80.57,83.90,82.29,80.35,72.64,57.57,96.40,94.85,73.41,83.29,83.17,65.58,78.25,84.00,74.83,89.83,19.40,69.26,
1991:Q4,74.37,89.06,86.19,88.98,86.62,80.81,84.02,82.05,80.46,73.16,57.66,97.30,95.00,73.96,83.20,82.90,66.40,77.63,85.34,75.35,89.73,18.30,71.04,
1992:Q1,74.80,90.08,84.76,88.76,88.35,81.64,83.53,81.63,81.03,73.80,57.30,95.06,95.54,74.07,83.15,85.35,65.83,76.16,85.57,76.46,89.52,15.32,72.35,
1992:Q2,75.00,90.49,85.93,88.48,87.85,81.70,83.51,81.25,81.78,74.66,57.53,96.89,94.36,74.72,82.81,85.18,68.45,75.25,86.14,77.11,88.62,15.35,72.82,
1992:Q3,75.42,90.73,87.67,88.62,88.09,81.67,83.52,80.66,82.06,75.21,57.95,96.61,94.10,75.31,82.97,85.30,67.79,74.94,86.52,77.32,87.63,16.18,73.57,
1992:Q4,75.29,90.82,85.72,88.29,89.95,81.19,83.57,79.66,82.21,75.32,58.54,96.63,94.36,76.38,83.94,84.81,68.15,74.61,86.61,77.41,87.68,18.05,73.50,
1993:Q1,75.23,90.46,85.81,88.07,87.33,80.35,84.02,77.57,81.99,75.30,60.13,92.83,94.23,76.15,84.60,83.50,70.00,75.21,84.81,77.58,87.54,28.29,72.94,
1993:Q2,75.30,90.52,88.76,87.62,88.08,80.48,83.95,76.59,82.41,76.60,60.64,92.24,94.51,77.03,85.49,83.33,70.10,75.55,83.95,77.57,86.57,32.15,73.05,
1993:Q3,75.01,90.69,85.59,87.39,88.12,80.36,83.72,75.88,82.27,77.25,60.88,91.65,94.51,78.37,85.33,83.02,69.55,75.48,83.03,77.52,85.12,35.32,73.81,
1993:Q4,75.55,90.95,84.11,87.94,89.11,80.32,83.33,75.14,81.94,77.48,60.89,91.33,94.13,79.23,84.51,83.01,69.74,75.91,83.09,77.76,83.76,37.93,74.23,
1994:Q1,76.62,90.64,85.82,88.15,89.08,80.18,81.81,72.75,82.03,77.44,59.45,91.50,94.30,79.79,84.10,83.88,70.70,76.18,83.69,78.13,83.74,39.57,74.39,
1994:Q2,77.57,91.25,86.16,88.87,88.34,80.62,81.62,72.40,82.07,77.54,59.55,91.38,95.76,81.12,83.66,84.32,70.97,76.54,83.10,78.68,84.21,42.12,74.22,
1994:Q3,77.74,92.10,85.44,89.44,89.34,81.23,81.77,72.45,82.67,78.36,59.94,91.35,95.11,82.07,84.33,84.68,70.36,77.07,82.51,79.08,85.00,45.25,74.45,
1994:Q4,78.16,93.16,85.86,89.75,89.93,82.19,82.24,73.19,83.44,78.41,60.60,91.96,95.16,83.90,86.42,85.09,70.78,77.48,82.48,79.81,85.90,48.99,75.98,
1995:Q1,78.41,95.55,85.81,89.82,90.06,84.43,83.84,77.09,83.60,79.13,62.51,91.88,95.69,84.74,88.33,85.57,71.63,78.90,82.70,80.39,85.75,58.10,79.74,
1995:Q2,78.42,96.61,85.86,90.08,90.92,85.67,85.16,78.12,84.51,79.42,63.29,92.22,96.13,85.63,90.00,86.07,72.49,79.46,82.46,80.59,86.18,62.58,82.47,
1995:Q3,79.06,96.99,85.46,90.21,90.57,86.71,85.50,79.02,84.59,79.93,63.96,92.36,95.94,86.22,91.78,86.43,72.58,80.17,82.43,81.01,87.18,66.21,83.34,
1995:Q4,79.73,97.88,85.64,90.26,90.16,87.45,86.55,79.32,84.82,80.39,64.51,92.66,95.57,87.98,91.96,86.74,72.87,80.64,82.60,81.34,87.40,68.92,84.20,
1996:Q1,80.32,96.01,85.65,89.58,91.06,86.85,86.32,77.08,84.52,81.37,64.30,93.92,95.30,89.89,92.40,87.57,73.61,81.52,81.99,81.88,87.37,66.96,85.50,
1996:Q2,80.93,96.40,84.95,89.89,90.84,86.89,86.92,77.27,84.97,81.91,64.90,94.30,95.50,90.30,92.93,87.94,74.69,82.07,82.15,82.42,88.25,68.58,86.45,
1996:Q3,81.40,96.23,84.65,90.49,90.97,86.85,86.65,78.15,85.17,82.46,65.66,94.54,95.96,90.57,92.21,88.89,75.13,82.85,81.68,82.84,88.71,70.45,87.61,
1996:Q4,81.96,96.30,84.96,90.68,90.39,86.68,87.21,78.57,84.85,81.97,66.59,94.77,96.41,91.48,92.43,89.61,75.12,83.39,81.87,83.11,89.20,72.49,88.60,
1997:Q1,82.34,96.34,85.62,91.17,90.58,86.64,86.16,80.07,85.48,83.33,68.14,94.60,96.28,91.47,94.07,91.05,75.46,85.04,82.02,83.54,89.90,75.78,88.97,
1997:Q2,82.83,97.04,85.37,91.55,91.55,86.72,86.72,80.84,84.48,84.38,70.27,94.64,95.74,91.44,94.45,91.54,76.18,85.72,81.52,84.10,89.89,77.94,89.39,
1997:Q3,82.90,96.65,87.34,92.03,90.73,86.84,86.21,81.71,86.27,84.83,70.54,94.40,96.11,90.92,95.86,92.08,77.83,85.57,81.20,84.89,89.55,79.88,90.85,
1997:Q4,82.79,97.25,87.42,92.58,91.21,87.34,86.82,82.23,88.46,84.57,71.50,94.10,96.41,89.58,96.78,92.62,78.38,85.59,81.98,85.91,89.34,81.59,91.92,
1998:Q1,82.54,97.97,87.48,93.28,91.85,88.86,88.04,82.48,87.26,85.31,74.39,93.11,96.54,85.58,97.97,93.55,80.42,84.66,82.55,87.31,89.38,83.66,92.58,
1998:Q2,82.91,97.95,87.55,94.03,91.40,89.23,89.16,82.48,87.44,85.92,74.93,93.15,96.12,86.62,100.14,94.39,81.08,84.55,83.13,88.32,89.12,84.65,92.66,
1998:Q3,83.63,98.64,89.29,94.89,91.96,89.28,89.18,83.45,89.96,86.78,76.20,93.36,95.92,87.33,100.19,95.01,80.75,84.45,83.39,89.01,88.54,85.11,92.99,
1998:Q4,83.65,99.66,90.22,95.67,92.73,89.40,90.44,84.34,90.64,86.25,77.10,93.51,96.07,87.30,100.34,95.88,81.07,85.68,83.98,89.50,88.22,85.04,92.58,
1999:Q1,84.46,99.74,90.06,96.10,93.42,87.31,92.21,85.53,90.96,86.13,79.09,94.25,95.89,87.31,99.09,95.70,82.06,86.94,84.26,89.90,88.21,82.46,92.61,
1999:Q2,86.03,97.20,90.82,96.73,93.07,88.22,92.93,85.26,90.70,88.84,81.20,94.26,96.03,88.06,98.50,96.31,82.20,88.47,85.16,90.04,88.34,82.15,93.48,
1999:Q3,86.62,98.85,91.23,97.27,93.82,88.37,92.63,86.82,90.93,89.16,81.40,95.07,95.97,88.14,100.63,96.85,82.29,90.13,86.12,90.44,88.29,82.23,93.99,
1999:Q4,87.05,98.96,91.46,97.93,95.28,88.07,93.86,87.10,91.98,90.24,83.06,93.91,95.89,88.23,98.99,99.28,82.15,91.47,87.58,91.29,88.49,82.50,93.95,
2000:Q1,87.31,98.88,91.94,98.71,95.85,87.67,93.85,87.50,92.55,91.16,84.10,93.16,95.71,87.45,98.87,98.91,83.36,92.16,88.51,91.89,88.82,84.44,94.44,
2000:Q2,87.10,99.52,92.64,99.40,95.93,88.69,94.85,87.74,93.27,92.63,85.97,94.60,95.52,89.15,96.77,98.16,84.81,91.58,89.85,92.54,89.19,85.17,94.94,
2000:Q3,89.03,100.71,93.60,99.80,95.49,88.52,94.60,86.57,93.44,94.44,87.08,95.76,95.13,88.34,95.05,99.19,85.00,90.12,90.56,93.19,89.63,84.82,95.91,
2000:Q4,88.54,101.25,94.99,100.09,94.97,88.95,95.24,85.55,95.98,95.27,88.15,97.54,95.16,88.13,92.28,99.99,85.09,88.53,91.80,93.41,89.92,83.25,96.63,
2001:Q1,89.08,102.66,96.85,101.22,98.02,89.60,95.65,86.63,95.50,95.96,89.46,98.55,95.35,87.95,92.42,102.05,82.82,88.78,93.81,93.82,90.01,83.00,97.58,
2001:Q2,89.97,102.45,93.43,101.38,97.96,90.69,96.52,89.66,95.32,96.15,90.41,97.44,95.60,88.92,91.73,103.51,82.98,89.00,95.18,93.88,90.15,80.32,98.17,
2001:Q3,91.27,102.22,95.54,101.47,97.93,90.50,96.61,89.60,96.55,96.88,91.22,97.09,95.87,89.30,92.24,105.02,84.65,89.62,96.33,94.99,90.87,81.70,98.79,
2001:Q4,92.54,102.18,96.30,101.65,97.70,91.14,97.73,89.09,97.30,97.70,91.83,97.02,96.19,90.36,93.07,104.07,86.48,89.84,96.28,94.51,91.48,83.75,99.20,
2002:Q1,92.23,102.02,97.12,100.60,96.58,92.27,97.82,91.03,97.32,97.64,91.96,98.30,96.56,91.31,94.82,102.93,88.33,90.32,97.01,95.75,91.76,87.25,98.59,
2002:Q2,90.61,101.80,96.00,100.34,96.70,93.49,97.98,88.45,97.73,98.15,92.34,98.85,96.96,91.98,95.08,103.14,89.27,89.42,97.73,96.11,91.79,88.32,96.74,
2002:Q3,90.53,100.67,96.22,100.00,97.62,93.93,97.68,90.91,98.03,97.88,91.71,97.80,97.22,92.49,94.36,102.95,91.14,89.18,98.45,95.92,91.73,89.81,95.51,
2002:Q4,90.68,100.98,96.36,99.63,98.05,94.67,98.55,93.43,99.81,97.82,91.76,97.93,97.35,92.84,92.94,102.57,91.43,88.88,98.58,95.97,91.75,92.09,94.93,
2003:Q1,91.35,100.64,97.20,98.87,97.78,95.05,98.72,94.06,97.88,98.22,92.24,98.13,97.38,93.29,91.05,101.42,90.32,88.90,97.84,95.88,91.94,94.31,95.08,
2003:Q2,92.10,101.49,96.58,98.69,98.18,96.10,99.22,93.68,98.28,99.21,91.95,98.34,97.57,94.30,91.32,101.26,93.33,90.12,98.38,96.74,92.26,94.60,95.82,
2003:Q3,92.71,100.27,96.16,98.51,98.34,95.92,99.09,94.70,98.62,98.94,93.30,99.34,97.85,95.49,91.81,101.63,93.89,91.59,98.31,97.74,92.84,95.20,97.15,
2003:Q4,93.87,99.94,97.20,98.58,98.14,95.84,100.02,95.88,98.99,99.15,94.13,99.08,98.21,95.72,92.70,100.66,94.09,92.89,98.12,98.08,93.64,97.62,97.48,
2004:Q1,95.31,99.42,97.75,98.92,99.19,96.33,99.87,96.48,99.27,98.46,93.99,99.61,98.49,96.90,93.53,101.12,93.98,94.46,98.11,98.69,94.55,98.21,97.40,
2004:Q2,97.29,99.32,99.20,98.96,98.98,97.57,99.77,98.42,99.99,99.33,95.59,100.11,98.68,97.98,95.54,100.92,96.20,95.60,97.62,99.30,95.55,97.68,97.46,
2004:Q3,97.58,100.17,99.56,98.97,99.02,98.67,99.23,98.64,100.23,99.61,96.32,100.37,98.96,98.05,97.72,99.34,96.15,97.06,99.11,99.64,96.59,98.26,97.93,
2004:Q4,98.61,100.73,99.87,98.98,99.85,99.09,100.09,99.91,100.07,99.23,96.97,99.88,99.15,99.12,98.69,99.56,96.67,98.05,99.47,100.15,97.60,100.65,98.37,
2005:Q1,99.24,100.63,98.59,99.11,99.06,100.24,99.98,98.77,99.81,99.36,98.61,99.57,99.54,99.14,98.19,100.41,99.79,99.09,99.64,99.52,98.49,100.59,99.05,
2005:Q2,100.29,99.39,100.03,99.56,100.14,100.32,100.11,100.04,99.90,100.35,100.36,98.90,99.90,99.88,99.68,100.19,100.63,99.97,98.85,99.77,99.43,98.90,99.85,
2005:Q3,100.41,99.41,100.06,100.33,99.89,99.76,99.61,100.40,99.91,100.24,99.75,99.51,100.22,100.30,100.56,100.57,99.99,100.23,100.10,100.04,100.52,100.22,100.32,
2005:Q4,100.06,100.57,101.32,101.00,100.90,99.68,100.29,100.79,100.39,100.04,101.28,102.01,100.34,100.68,101.57,98.83,99.59,100.72,101.42,100.67,101.56,100.28,100.78,
2006:Q1,100.24,101.90,103.51,101.26,101.05,101.43,99.78,101.87,100.29,99.34,101.67,100.74,100.37,101.39,101.58,98.75,96.00,101.09,101.68,102.09,102.72,100.62,101.26,
2006:Q2,100.29,101.61,103.09,102.12,101.48,102.21,99.90,100.86,101.21,100.65,101.99,100.21,100.72,101.95,101.82,99.52,95.17,101.34,102.84,102.30,104.00,100.71,102.51,
2006:Q3,102.12,100.01,105.26,103.01,101.89,100.14,99.59,102.32,101.51,101.05,102.51,101.21,101.11,102.55,102.58,99.78,95.53,102.54,103.71,102.45,105.38,102.20,104.04,
2006:Q4,103.40,100.93,107.02,104.24,103.28,100.62,100.60,103.25,102.51,100.47,103.66,102.49,101.76,103.50,103.63,101.20,95.21,104.45,105.83,103.16,106.69,104.26,105.98,
2007:Q1,104.71,102.55,107.90,105.03,102.67,100.66,99.36,103.82,103.05,100.92,102.99,102.87,102.38,104.00,102.94,100.75,96.75,106.37,107.04,103.45,107.78,105.03,107.15,
2007:Q2,106.42,101.81,107.06,105.74,102.30,101.08,99.14,104.96,103.64,101.48,102.80,102.98,102.60,104.15,105.06,100.78,97.61,108.70,107.87,103.45,108.68,104.81,107.79,
2007:Q3,107.41,101.95,107.05,106.41,102.55,100.69,98.70,105.97,103.83,102.29,103.26,101.79,102.81,104.66,102.88,101.70,99.13,111.11,108.34,103.41,109.39,104.87,107.30,
2007:Q4,108.47,102.23,108.45,106.43,103.24,102.27,99.03,106.06,104.01,102.46,103.50,101.51,102.66,105.16,104.79,102.27,98.62,112.57,108.98,103.38,109.83,105.22,107.07,
2008:Q1,109.34,103.53,109.99,105.08,103.44,101.49,98.61,105.94,103.96,101.48,102.95,101.92,102.50,105.64,108.66,100.47,99.13,113.53,109.31,104.08,110.03,107.86,106.52,
2008:Q2,109.57,102.92,110.64,105.26,105.21,101.04,98.17,107.44,103.42,102.04,104.14,101.80,102.39,104.91,106.11,100.67,99.90,112.77,110.51,105.11,109.97,106.96,106.68,
2008:Q3,110.26,102.53,111.51,105.84,104.07,98.77,97.45,106.92,102.65,101.60,103.30,99.29,102.32,104.67,106.10,100.79,99.83,110.99,110.23,103.58,109.60,104.98,107.39,
2008:Q4,113.65,103.85,111.81,106.74,102.76,98.20,98.92,107.33,103.09,101.93,103.49,97.35,102.89,105.17,107.65,100.83,99.69,110.71,109.67,103.48,108.88,106.24,108.83,
2009:Q1,113.90,105.05,111.58,105.86,103.78,100.39,100.74,107.58,103.63,101.66,108.87,98.63,103.73,104.90,106.79,99.76,100.03,109.36,110.53,103.33,107.90,107.53,109.61,
2009:Q2,114.58,105.01,111.50,106.38,104.48,100.67,101.20,107.61,104.47,104.07,108.22,97.03,104.48,104.95,106.93,102.64,101.03,110.03,111.53,103.44,107.05,106.12,111.61,
2009:Q3,113.34,104.17,112.81,106.71,103.86,100.61,100.49,108.12,104.94,104.27,108.15,96.78,105.30,105.13,106.31,101.17,102.59,110.03,111.80,102.49,106.63,105.41,113.04,
2009:Q4,113.27,103.76,113.29,107.08,103.78,102.61,100.43,108.96,104.85,104.74,107.11,96.23,106.10,106.34,108.16,102.29,102.83,111.14,112.10,102.07,106.50,105.26,114.26,
2010:Q1,113.80,102.93,115.47,106.32,104.18,103.71,100.01,109.98,104.98,104.54,107.90,95.45,106.62,107.48,108.22,101.49,101.43,111.86,111.36,102.13,106.93,104.80,115.62,
2010:Q2,114.39,102.79,113.87,106.65,104.77,104.43,99.43,110.01,105.19,104.14,106.97,95.09,106.88,107.72,108.98,100.26,103.54,112.91,112.21,102.90,107.69,104.27,115.51,
2010:Q3,115.72,102.57,114.84,107.10,105.25,104.94,98.04,110.95,105.67,104.33,105.83,94.87,107.27,108.32,110.50,101.01,103.77,113.44,113.73,103.31,108.60,104.07,114.71,
2010:Q4,117.42,102.02,115.95,106.96,106.16,105.79,97.85,112.07,105.56,103.35,104.92,95.35,107.32,108.92,109.46,100.34,103.17,112.48,115.01,103.82,109.29,105.28,114.58,
2011:Q1,118.19,100.96,115.69,106.75,105.73,106.15,97.13,111.71,105.50,101.94,104.99,95.21,107.56,109.53,107.68,101.61,104.80,113.47,116.12,104.67,109.98,106.29,115.19,
2011:Q2,118.56,100.20,115.06,107.55,105.94,106.62,96.80,112.32,105.67,101.58,103.61,95.02,108.14,109.39,107.61,101.87,104.73,113.82,117.37,104.64,110.56,106.32,117.06,
2011:Q3,119.37,100.69,115.39,108.31,106.53,106.24,95.96,112.24,105.28,101.31,102.96,94.28,108.31,109.42,106.91,100.26,106.46,115.54,117.66,104.83,111.02,107.42,119.89,
2011:Q4,119.75,100.65,116.69,108.86,106.61,105.85,95.60,112.89,104.91,101.12,103.75,93.21,108.01,109.72,107.22,100.52,106.95,116.81,118.02,104.87,111.43,107.29,120.56,
2012:Q1,119.69,99.62,117.18,109.67,108.00,106.20,94.41,112.19,104.86,102.01,101.83,91.16,108.20,109.82,107.21,101.23,107.90,118.27,119.59,105.49,111.76,107.54,119.90,
2012:Q2,119.97,99.70,117.29,110.70,106.96,106.00,93.58,112.52,105.11,103.69,103.17,90.05,108.63,109.94,106.74,100.27,109.02,118.47,121.56,105.99,112.03,105.94,120.54,
2012:Q3,118.70,100.24,118.44,111.54,106.50,105.31,92.43,113.03,104.91,104.01,103.77,88.44,109.38,111.00,106.32,100.33,109.10,119.24,122.50,106.08,112.21,104.01,121.28,
2012:Q4,118.88,99.56,118.79,112.31,106.33,105.65,91.62,113.15,103.25,103.70,103.22,87.57,109.81,111.26,106.36,99.49,109.37,119.75,123.21,107.13,112.28,104.04,122.17,
2013:Q1,119.52,99.43,120.34,113.22,106.67,106.85,91.89,113.31,104.09,102.45,102.33,87.91,110.27,112.67,107.30,98.38,110.95,120.56,123.32,104.28,112.29,104.25,123.59,
2013:Q2,119.74,99.20,120.59,113.76,107.03,107.40,91.98,113.37,104.40,103.49,104.07,87.97,110.55,113.31,107.99,98.23,111.80,121.17,123.07,104.02,112.28,103.75,125.22,
2013:Q3,120.22,99.53,120.50,113.77,107.79,107.14,91.93,113.75,104.35,103.84,103.80,88.75,110.52,114.58,108.27,98.84,112.28,121.31,124.37,104.22,112.08,103.64,126.09,
2013:Q4,121.03,98.57,121.47,114.04,107.23,108.50,92.50,112.87,104.07,103.21,103.96,88.72,110.32,115.52,107.87,100.06,112.70,121.63,125.19,104.39,111.89,105.10,127.24,
2014:Q1,121.39,98.51,120.51,114.36,107.54,110.10,92.45,112.14,102.02,102.87,104.57,88.47,110.28,115.93,110.76,98.87,113.09,122.08,126.47,105.20,111.74,105.79,128.65,
2014:Q2,121.70,98.64,121.12,114.46,108.13,109.54,92.86,113.06,102.39,104.01,104.96,87.98,109.70,116.40,110.16,98.75,114.07,121.90,127.18,106.22,111.70,105.58,129.51,
2014:Q3,121.78,98.71,121.90,114.12,108.51,108.31,93.33,113.63,102.99,104.27,106.34,88.96,109.95,118.21,111.64,98.56,115.03,121.51,126.71,107.05,111.73,106.04,130.27,
2014:Q4,121.91,98.67,122.65,113.72,109.06,109.18,95.18,114.13,102.94,105.48,107.04,89.31,110.49,119.47,111.67,99.86,115.74,121.01,127.32,107.80,111.79,107.15,131.72,
2015:Q1,121.36,99.02,123.27,112.38,109.77,111.92,94.91,114.48,103.15,106.06,108.62,89.22,111.18,121.54,108.58,102.09,116.79,121.20,128.11,108.11,111.98,109.48,132.96,
2015:Q2,121.79,98.83,125.05,112.36,109.96,111.71,95.29,114.74,103.03,107.17,109.49,89.36,111.72,121.48,108.72,102.12,118.75,121.14,128.83,108.78,112.12,109.10,133.88,
2015:Q3,121.81,98.64,125.42,112.30,110.85,110.01,95.84,115.13,103.59,108.37,110.44,90.05,112.22,122.64,108.46,102.40,118.34,120.56,129.58,109.37,112.29,109.92,134.95,
2015:Q4,121.66,98.54,126.60,112.49,110.85,110.02,97.34,115.80,104.22,108.68,111.28,90.50,112.86,124.12,109.86,102.20,117.32,121.15,130.46,109.87,112.25,111.94,135.98,
2016:Q1,122.27,98.91,126.75,113.95,110.50,112.50,97.82,116.62,104.85,108.91,111.33,91.13,113.57,125.02,108.90,102.75,116.44,121.54,131.29,110.18,112.06,113.10,137.61,
2016:Q2,122.38,99.33,127.35,114.23,111.55,111.15,98.49,115.43,105.13,109.38,112.90,91.52,114.04,124.91,108.59,103.16,116.59,121.57,131.29,110.65,111.90,112.66,139.38,
2016:Q3,122.06,99.61,128.65,114.75,110.45,108.88,98.37,116.05,105.73,109.10,113.84,91.85,114.23,125.85,108.44,103.55,116.34,122.31,132.03,111.03,111.82,113.36,140.86,
2016:Q4,121.67,99.29,129.45,115.26,110.78,108.68,98.67,116.05,105.77,108.59,116.96,91.57,114.34,126.51,108.79,103.87,116.69,122.53,132.24,110.95,111.70,113.75,142.16,
2017:Q1,121.54,100.52,129.47,115.47,111.97,108.59,97.70,115.98,105.91,107.63,117.97,91.02,114.68,127.23,107.85,102.81,116.68,122.38,131.61,111.36,111.52,113.37,142.89,
,,,,,,,,,,,,,,,,,,,,,,,,
,,,,,,,,,,,,,,,,,,,,,,,,
